"filename", "language", "Java", "SQLite", "Database", "Markdown", "CSV", "JSON", "comment", "blank", "total"
"d:\School\1_KCGI\2022 Spring\Object Oriented Programming\Programming\jp\kcgi\twentytwo\spring\oop\PersonalFinance\App.java", "Java", 0, 0, 0, 0, 0, 0, 5, 1, 6
"d:\School\1_KCGI\2022 Spring\Object Oriented Programming\Programming\jp\kcgi\twentytwo\spring\oop\PersonalFinance\MainMenu.java", "Java", 137, 0, 0, 0, 0, 0, 9, 9, 155
"d:\School\1_KCGI\2022 Spring\Object Oriented Programming\Programming\jp\kcgi\twentytwo\spring\oop\PersonalFinance\bin\.VSCodeCounter\2022-07-22_02-24-35\details.md", "Markdown", 0, 0, 0, 56, 0, 0, 0, 6, 62
"d:\School\1_KCGI\2022 Spring\Object Oriented Programming\Programming\jp\kcgi\twentytwo\spring\oop\PersonalFinance\bin\.VSCodeCounter\2022-07-22_02-24-35\diff-details.md", "Markdown", 0, 0, 0, 24, 0, 0, 0, 6, 30
"d:\School\1_KCGI\2022 Spring\Object Oriented Programming\Programming\jp\kcgi\twentytwo\spring\oop\PersonalFinance\bin\.VSCodeCounter\2022-07-22_02-24-35\diff.csv", "CSV", 0, 0, 0, 0, 17, 0, 0, 0, 17
"d:\School\1_KCGI\2022 Spring\Object Oriented Programming\Programming\jp\kcgi\twentytwo\spring\oop\PersonalFinance\bin\.VSCodeCounter\2022-07-22_02-24-35\diff.md", "Markdown", 0, 0, 0, 24, 0, 0, 0, 7, 31
"d:\School\1_KCGI\2022 Spring\Object Oriented Programming\Programming\jp\kcgi\twentytwo\spring\oop\PersonalFinance\bin\.VSCodeCounter\2022-07-22_02-24-35\results.csv", "CSV", 0, 0, 0, 0, 49, 0, 0, 0, 49
"d:\School\1_KCGI\2022 Spring\Object Oriented Programming\Programming\jp\kcgi\twentytwo\spring\oop\PersonalFinance\bin\.VSCodeCounter\2022-07-22_02-24-35\results.json", "JSON", 0, 0, 0, 0, 0, 1, 0, 0, 1
"d:\School\1_KCGI\2022 Spring\Object Oriented Programming\Programming\jp\kcgi\twentytwo\spring\oop\PersonalFinance\bin\.VSCodeCounter\2022-07-22_02-24-35\results.md", "Markdown", 0, 0, 0, 27, 0, 0, 0, 7, 34
"d:\School\1_KCGI\2022 Spring\Object Oriented Programming\Programming\jp\kcgi\twentytwo\spring\oop\PersonalFinance\bin\Database.class", "Java", 12, 0, 0, 0, 0, 0, 0, 0, 12
"d:\School\1_KCGI\2022 Spring\Object Oriented Programming\Programming\jp\kcgi\twentytwo\spring\oop\PersonalFinance\bin\GlobalEnvironmentVariable.class", "Java", -10, 0, 0, 0, 0, 0, 0, 0, -10
"d:\School\1_KCGI\2022 Spring\Object Oriented Programming\Programming\jp\kcgi\twentytwo\spring\oop\PersonalFinance\bin\MainMenu.class", "Java", 78, 0, 0, 0, 0, 0, 0, -1, 77
"d:\School\1_KCGI\2022 Spring\Object Oriented Programming\Programming\jp\kcgi\twentytwo\spring\oop\PersonalFinance\bin\Sanitizer.class", "Java", 16, 0, 0, 0, 0, 0, 0, 0, 16
"d:\School\1_KCGI\2022 Spring\Object Oriented Programming\Programming\jp\kcgi\twentytwo\spring\oop\PersonalFinance\bin\ScannerInput.class", "Java", -2, 0, 0, 0, 0, 0, 0, 0, -2
"d:\School\1_KCGI\2022 Spring\Object Oriented Programming\Programming\jp\kcgi\twentytwo\spring\oop\PersonalFinance\bin\Transaction.class", "Java", 12, 0, 0, 0, 0, 0, 0, 0, 12
"d:\School\1_KCGI\2022 Spring\Object Oriented Programming\Programming\jp\kcgi\twentytwo\spring\oop\PersonalFinance\bin\WalletBalance.class", "Java", 2, 0, 0, 0, 0, 0, 0, 0, 2
"d:\School\1_KCGI\2022 Spring\Object Oriented Programming\Programming\jp\kcgi\twentytwo\spring\oop\PersonalFinance\bin\database\initialExecution.sql", "SQLite", 0, 42, 0, 0, 0, 0, 0, 0, 42
"d:\School\1_KCGI\2022 Spring\Object Oriented Programming\Programming\jp\kcgi\twentytwo\spring\oop\PersonalFinance\bin\database\personalfinance.db", "Database", 0, 0, 30, 0, 0, 0, 0, 0, 30
"d:\School\1_KCGI\2022 Spring\Object Oriented Programming\Programming\jp\kcgi\twentytwo\spring\oop\PersonalFinance\database\initialExecution.sql", "SQLite", 0, 42, 0, 0, 0, 0, 0, 0, 42
"d:\School\1_KCGI\2022 Spring\Object Oriented Programming\Programming\jp\kcgi\twentytwo\spring\oop\PersonalFinance\database\personalfinance.db", "Database", 0, 0, 30, 0, 0, 0, 0, 0, 30
"d:\School\1_KCGI\2022 Spring\Object Oriented Programming\Programming\jp\kcgi\twentytwo\spring\oop\PersonalFinance\src\Database.java", "Java", 52, 0, 0, 0, 0, 0, 0, 6, 58
"d:\School\1_KCGI\2022 Spring\Object Oriented Programming\Programming\jp\kcgi\twentytwo\spring\oop\PersonalFinance\src\GlobalEnvironmentVariable.java", "Java", -18, 0, 0, 0, 0, 0, 0, -4, -22
"d:\School\1_KCGI\2022 Spring\Object Oriented Programming\Programming\jp\kcgi\twentytwo\spring\oop\PersonalFinance\src\Sanitizer.java", "Java", 21, 0, 0, 0, 0, 0, 0, 3, 24
"d:\School\1_KCGI\2022 Spring\Object Oriented Programming\Programming\jp\kcgi\twentytwo\spring\oop\PersonalFinance\src\Transaction.java", "Java", 29, 0, 0, 0, 0, 0, 0, 2, 31
"d:\School\1_KCGI\2022 Spring\Object Oriented Programming\Programming\jp\kcgi\twentytwo\spring\oop\PersonalFinance\src\TransactionPrinter.java", "Java", 0, 0, 0, 0, 0, 0, 0, 1, 1
"Total", "-", 329, 84, 60, 131, 66, 1, 14, 43, 728