"filename", "language", "Java", "SQLite", "Markdown", "Database", "CSV", "JSON", "comment", "blank", "total"
"d:\School\1_KCGI\2022 Spring\Object Oriented Programming\Programming\jp\kcgi\twentytwo\spring\oop\PersonalFinance\App.java", "Java", 5, 0, 0, 0, 0, 0, 5, 3, 13
"d:\School\1_KCGI\2022 Spring\Object Oriented Programming\Programming\jp\kcgi\twentytwo\spring\oop\PersonalFinance\MainMenu.java", "Java", 456, 0, 0, 0, 0, 0, 14, 54, 524
"d:\School\1_KCGI\2022 Spring\Object Oriented Programming\Programming\jp\kcgi\twentytwo\spring\oop\PersonalFinance\Menu.java", "Java", 3, 0, 0, 0, 0, 0, 0, 2, 5
"d:\School\1_KCGI\2022 Spring\Object Oriented Programming\Programming\jp\kcgi\twentytwo\spring\oop\PersonalFinance\README.md", "Markdown", 0, 0, 10, 0, 0, 0, 0, 9, 19
"d:\School\1_KCGI\2022 Spring\Object Oriented Programming\Programming\jp\kcgi\twentytwo\spring\oop\PersonalFinance\bin\.VSCodeCounter\2022-07-22_00-35-26\details.md", "Markdown", 0, 0, 49, 0, 0, 0, 0, 6, 55
"d:\School\1_KCGI\2022 Spring\Object Oriented Programming\Programming\jp\kcgi\twentytwo\spring\oop\PersonalFinance\bin\.VSCodeCounter\2022-07-22_00-35-26\diff-details.md", "Markdown", 0, 0, 9, 0, 0, 0, 0, 6, 15
"d:\School\1_KCGI\2022 Spring\Object Oriented Programming\Programming\jp\kcgi\twentytwo\spring\oop\PersonalFinance\bin\.VSCodeCounter\2022-07-22_00-35-26\diff.csv", "CSV", 0, 0, 0, 0, 2, 0, 0, 0, 2
"d:\School\1_KCGI\2022 Spring\Object Oriented Programming\Programming\jp\kcgi\twentytwo\spring\oop\PersonalFinance\bin\.VSCodeCounter\2022-07-22_00-35-26\diff.md", "Markdown", 0, 0, 12, 0, 0, 0, 0, 7, 19
"d:\School\1_KCGI\2022 Spring\Object Oriented Programming\Programming\jp\kcgi\twentytwo\spring\oop\PersonalFinance\bin\.VSCodeCounter\2022-07-22_00-35-26\results.csv", "CSV", 0, 0, 0, 0, 42, 0, 0, 0, 42
"d:\School\1_KCGI\2022 Spring\Object Oriented Programming\Programming\jp\kcgi\twentytwo\spring\oop\PersonalFinance\bin\.VSCodeCounter\2022-07-22_00-35-26\results.json", "JSON", 0, 0, 0, 0, 0, 1, 0, 0, 1
"d:\School\1_KCGI\2022 Spring\Object Oriented Programming\Programming\jp\kcgi\twentytwo\spring\oop\PersonalFinance\bin\.VSCodeCounter\2022-07-22_00-35-26\results.md", "Markdown", 0, 0, 23, 0, 0, 0, 0, 7, 30
"d:\School\1_KCGI\2022 Spring\Object Oriented Programming\Programming\jp\kcgi\twentytwo\spring\oop\PersonalFinance\bin\.VSCodeCounter\2022-07-22_02-24-35\details.md", "Markdown", 0, 0, 56, 0, 0, 0, 0, 6, 62
"d:\School\1_KCGI\2022 Spring\Object Oriented Programming\Programming\jp\kcgi\twentytwo\spring\oop\PersonalFinance\bin\.VSCodeCounter\2022-07-22_02-24-35\diff-details.md", "Markdown", 0, 0, 24, 0, 0, 0, 0, 6, 30
"d:\School\1_KCGI\2022 Spring\Object Oriented Programming\Programming\jp\kcgi\twentytwo\spring\oop\PersonalFinance\bin\.VSCodeCounter\2022-07-22_02-24-35\diff.csv", "CSV", 0, 0, 0, 0, 17, 0, 0, 0, 17
"d:\School\1_KCGI\2022 Spring\Object Oriented Programming\Programming\jp\kcgi\twentytwo\spring\oop\PersonalFinance\bin\.VSCodeCounter\2022-07-22_02-24-35\diff.md", "Markdown", 0, 0, 24, 0, 0, 0, 0, 7, 31
"d:\School\1_KCGI\2022 Spring\Object Oriented Programming\Programming\jp\kcgi\twentytwo\spring\oop\PersonalFinance\bin\.VSCodeCounter\2022-07-22_02-24-35\results.csv", "CSV", 0, 0, 0, 0, 49, 0, 0, 0, 49
"d:\School\1_KCGI\2022 Spring\Object Oriented Programming\Programming\jp\kcgi\twentytwo\spring\oop\PersonalFinance\bin\.VSCodeCounter\2022-07-22_02-24-35\results.json", "JSON", 0, 0, 0, 0, 0, 1, 0, 0, 1
"d:\School\1_KCGI\2022 Spring\Object Oriented Programming\Programming\jp\kcgi\twentytwo\spring\oop\PersonalFinance\bin\.VSCodeCounter\2022-07-22_02-24-35\results.md", "Markdown", 0, 0, 27, 0, 0, 0, 0, 7, 34
"d:\School\1_KCGI\2022 Spring\Object Oriented Programming\Programming\jp\kcgi\twentytwo\spring\oop\PersonalFinance\bin\App.class", "Java", 11, 0, 0, 0, 0, 0, 0, 0, 11
"d:\School\1_KCGI\2022 Spring\Object Oriented Programming\Programming\jp\kcgi\twentytwo\spring\oop\PersonalFinance\bin\ConsoleColors.class", "Java", 13, 0, 0, 0, 0, 0, 0, 0, 13
"d:\School\1_KCGI\2022 Spring\Object Oriented Programming\Programming\jp\kcgi\twentytwo\spring\oop\PersonalFinance\bin\Currency.class", "Java", 19, 0, 0, 0, 0, 0, 0, 0, 19
"d:\School\1_KCGI\2022 Spring\Object Oriented Programming\Programming\jp\kcgi\twentytwo\spring\oop\PersonalFinance\bin\CustomException\FinishArgumentException.class", "Java", 6, 0, 0, 0, 0, 0, 0, 0, 6
"d:\School\1_KCGI\2022 Spring\Object Oriented Programming\Programming\jp\kcgi\twentytwo\spring\oop\PersonalFinance\bin\CustomException\StopArgumentException.class", "Java", 6, 0, 0, 0, 0, 0, 0, 0, 6
"d:\School\1_KCGI\2022 Spring\Object Oriented Programming\Programming\jp\kcgi\twentytwo\spring\oop\PersonalFinance\bin\Database.class", "Java", 117, 0, 0, 0, 0, 0, 0, 2, 119
"d:\School\1_KCGI\2022 Spring\Object Oriented Programming\Programming\jp\kcgi\twentytwo\spring\oop\PersonalFinance\bin\GlobalEnvironmentVariable.class", "Java", 29, 0, 0, 0, 0, 0, 0, 0, 29
"d:\School\1_KCGI\2022 Spring\Object Oriented Programming\Programming\jp\kcgi\twentytwo\spring\oop\PersonalFinance\bin\MainMenu.class", "Java", 211, 0, 0, 0, 0, 0, 0, 8, 219
"d:\School\1_KCGI\2022 Spring\Object Oriented Programming\Programming\jp\kcgi\twentytwo\spring\oop\PersonalFinance\bin\Menu.class", "Java", 2, 0, 0, 0, 0, 0, 0, 0, 2
"d:\School\1_KCGI\2022 Spring\Object Oriented Programming\Programming\jp\kcgi\twentytwo\spring\oop\PersonalFinance\bin\README.md", "Markdown", 0, 0, 10, 0, 0, 0, 0, 9, 19
"d:\School\1_KCGI\2022 Spring\Object Oriented Programming\Programming\jp\kcgi\twentytwo\spring\oop\PersonalFinance\bin\Sanitizer.class", "Java", 74, 0, 0, 0, 0, 0, 0, 0, 74
"d:\School\1_KCGI\2022 Spring\Object Oriented Programming\Programming\jp\kcgi\twentytwo\spring\oop\PersonalFinance\bin\ScannerInput.class", "Java", 38, 0, 0, 0, 0, 0, 0, 1, 39
"d:\School\1_KCGI\2022 Spring\Object Oriented Programming\Programming\jp\kcgi\twentytwo\spring\oop\PersonalFinance\bin\ScriptRunner.class", "Java", 23, 0, 0, 0, 0, 0, 0, 0, 23
"d:\School\1_KCGI\2022 Spring\Object Oriented Programming\Programming\jp\kcgi\twentytwo\spring\oop\PersonalFinance\bin\Transaction.class", "Java", 50, 0, 0, 0, 0, 0, 0, 0, 50
"d:\School\1_KCGI\2022 Spring\Object Oriented Programming\Programming\jp\kcgi\twentytwo\spring\oop\PersonalFinance\bin\TransactionPrinter.class", "Java", 35, 0, 0, 0, 0, 0, 0, 1, 36
"d:\School\1_KCGI\2022 Spring\Object Oriented Programming\Programming\jp\kcgi\twentytwo\spring\oop\PersonalFinance\bin\Wallet.class", "Java", 16, 0, 0, 0, 0, 0, 0, 0, 16
"d:\School\1_KCGI\2022 Spring\Object Oriented Programming\Programming\jp\kcgi\twentytwo\spring\oop\PersonalFinance\bin\WalletBalance.class", "Java", 17, 0, 0, 0, 0, 0, 0, 0, 17
"d:\School\1_KCGI\2022 Spring\Object Oriented Programming\Programming\jp\kcgi\twentytwo\spring\oop\PersonalFinance\bin\database\initialExecution.sql", "SQLite", 0, 192, 0, 0, 0, 0, 0, 15, 207
"d:\School\1_KCGI\2022 Spring\Object Oriented Programming\Programming\jp\kcgi\twentytwo\spring\oop\PersonalFinance\bin\database\personalfinance.db", "Database", 0, 0, 0, 60, 0, 0, 0, 1, 61
"d:\School\1_KCGI\2022 Spring\Object Oriented Programming\Programming\jp\kcgi\twentytwo\spring\oop\PersonalFinance\bin\database\selectQuery.sql", "SQLite", 0, 33, 0, 0, 0, 0, 0, 12, 45
"d:\School\1_KCGI\2022 Spring\Object Oriented Programming\Programming\jp\kcgi\twentytwo\spring\oop\PersonalFinance\database\initialExecution.sql", "SQLite", 0, 192, 0, 0, 0, 0, 0, 15, 207
"d:\School\1_KCGI\2022 Spring\Object Oriented Programming\Programming\jp\kcgi\twentytwo\spring\oop\PersonalFinance\database\personalfinance.db", "Database", 0, 0, 0, 60, 0, 0, 0, 1, 61
"d:\School\1_KCGI\2022 Spring\Object Oriented Programming\Programming\jp\kcgi\twentytwo\spring\oop\PersonalFinance\database\selectQuery.sql", "SQLite", 0, 33, 0, 0, 0, 0, 0, 12, 45
"d:\School\1_KCGI\2022 Spring\Object Oriented Programming\Programming\jp\kcgi\twentytwo\spring\oop\PersonalFinance\src\ConsoleColors.java", "Java", 59, 0, 0, 0, 0, 0, 8, 7, 74
"d:\School\1_KCGI\2022 Spring\Object Oriented Programming\Programming\jp\kcgi\twentytwo\spring\oop\PersonalFinance\src\Currency.java", "Java", 31, 0, 0, 0, 0, 0, 0, 8, 39
"d:\School\1_KCGI\2022 Spring\Object Oriented Programming\Programming\jp\kcgi\twentytwo\spring\oop\PersonalFinance\src\CustomException\FinishArgumentException.java", "Java", 6, 0, 0, 0, 0, 0, 0, 1, 7
"d:\School\1_KCGI\2022 Spring\Object Oriented Programming\Programming\jp\kcgi\twentytwo\spring\oop\PersonalFinance\src\CustomException\StopArgumentException.java", "Java", 6, 0, 0, 0, 0, 0, 0, 2, 8
"d:\School\1_KCGI\2022 Spring\Object Oriented Programming\Programming\jp\kcgi\twentytwo\spring\oop\PersonalFinance\src\Database.java", "Java", 291, 0, 0, 0, 0, 0, 0, 53, 344
"d:\School\1_KCGI\2022 Spring\Object Oriented Programming\Programming\jp\kcgi\twentytwo\spring\oop\PersonalFinance\src\GlobalEnvironmentVariable.java", "Java", 26, 0, 0, 0, 0, 0, 0, 7, 33
"d:\School\1_KCGI\2022 Spring\Object Oriented Programming\Programming\jp\kcgi\twentytwo\spring\oop\PersonalFinance\src\Sanitizer.java", "Java", 147, 0, 0, 0, 0, 0, 22, 25, 194
"d:\School\1_KCGI\2022 Spring\Object Oriented Programming\Programming\jp\kcgi\twentytwo\spring\oop\PersonalFinance\src\ScannerInput.java", "Java", 53, 0, 0, 0, 0, 0, 0, 7, 60
"d:\School\1_KCGI\2022 Spring\Object Oriented Programming\Programming\jp\kcgi\twentytwo\spring\oop\PersonalFinance\src\ScriptRunner.java", "Java", 24, 0, 0, 0, 0, 0, 0, 2, 26
"d:\School\1_KCGI\2022 Spring\Object Oriented Programming\Programming\jp\kcgi\twentytwo\spring\oop\PersonalFinance\src\Transaction.java", "Java", 105, 0, 0, 0, 0, 0, 54, 23, 182
"d:\School\1_KCGI\2022 Spring\Object Oriented Programming\Programming\jp\kcgi\twentytwo\spring\oop\PersonalFinance\src\TransactionPrinter.java", "Java", 44, 0, 0, 0, 0, 0, 0, 11, 55
"d:\School\1_KCGI\2022 Spring\Object Oriented Programming\Programming\jp\kcgi\twentytwo\spring\oop\PersonalFinance\src\Wallet.java", "Java", 29, 0, 0, 0, 0, 0, 0, 7, 36
"d:\School\1_KCGI\2022 Spring\Object Oriented Programming\Programming\jp\kcgi\twentytwo\spring\oop\PersonalFinance\src\WalletBalance.java", "Java", 24, 0, 0, 0, 0, 0, 18, 6, 48
"Total", "-", 1976, 450, 244, 120, 110, 2, 121, 356, 3379